id,column_int,column_float,column_categorical,column_boolean,column_label
0,49,-0.6237653299581177,category2,0,1
1,77,-2.543974216963934,category1,1,1
2,45,1.0580692511020215,category2,0,0
3,67,-0.024729636377539846,category3,1,1
4,77,1.9475789052511359,category3,1,1
5,51,0.597287993437853,category4,1,1
6,29,-0.7107170186506719,category2,1,0
7,52,1.366494516761058,category4,0,1
8,92,-0.0990429599800398,category3,0,0
9,9,1.4883848120985623,category3,1,0
10,17,-0.5152177970537851,category2,0,1
11,58,0.38623043246308636,category4,0,0
12,69,-0.6125125996337255,category3,1,0
13,74,-1.064904605934449,category2,0,0
14,51,-0.8542127678965651,category3,0,0
15,43,0.503233606060282,category2,1,1
16,23,-0.1199835125854301,category2,0,1
17,20,-0.7582195164294182,category3,1,1
18,41,0.16484733903221663,category3,1,0
19,27,-0.8036670223747808,category2,1,0
20,37,-1.0656245673835,category3,1,1
21,13,-0.4161288835357399,category1,0,0
22,27,-0.21522375556763285,category3,1,1
23,22,-0.4258254752930147,category4,1,0
24,44,0.33377191551763963,category1,1,1
25,33,1.235443266161673,category2,1,1
26,25,1.3202242872316758,category1,1,0
27,62,0.09442050875149284,category3,1,1
28,32,-1.9153239440248935,category3,0,0
29,99,1.0136735879585974,category2,1,1
30,24,2.2942678885026973,category1,0,0
31,34,1.3877006532919631,category2,1,1
32,67,0.01792700896019353,category1,0,1
33,21,1.7756228869960566,category1,1,1
34,86,-0.10645441804487263,category4,0,1
35,10,-0.7672047072584091,category4,0,1
36,42,-1.2698919885493476,category3,0,1
37,52,1.1072261161949137,category4,0,1
38,27,0.9519972234646467,category3,0,0
39,71,0.12882039329236913,category1,0,1
40,71,-1.6280133993903494,category4,0,1
41,96,-0.38032695966657765,category2,0,1
42,36,-0.03617150643645957,category2,0,1
43,40,1.6480742025657984,category1,0,1
44,57,0.7057224322253755,category2,1,0
45,27,-1.142573545307665,category4,1,0
46,43,0.774427554239595,category3,0,0
47,80,-0.2697128391383507,category3,1,1
48,15,1.8140386030456195,category3,0,1
49,58,1.2672202667092443,category2,0,0
50,92,-0.5067605136310235,category1,0,0
51,54,0.1117368275339342,category3,1,0
52,97,-0.7113620847740368,category1,1,1
53,37,-0.4175521149267662,category3,1,0
54,13,-0.7983065302998845,category1,0,0
55,87,1.5984192582602892,category4,1,1
56,86,-0.5607550765138686,category4,0,1
57,79,0.5687255814573627,category4,0,0
58,25,-0.41204731879386786,category1,0,0
59,6,0.5002699548881372,category4,1,1
60,34,-1.1316233069735802,category2,1,0
61,37,-0.15526798503748585,category1,1,0
62,30,1.9082189798606024,category3,1,1
63,64,0.051802562139011604,category3,1,0
64,36,-1.2712575524145848,category1,1,1
65,92,0.33018348802582376,category3,1,0
66,18,1.236292947586809,category4,1,1
67,28,0.8472658982606601,category1,1,1
68,13,1.00357894521558,category4,1,1
69,31,-0.21960630059258338,category1,1,0
70,53,-0.3197614515372291,category4,1,1
71,43,-0.37455061733761025,category2,1,0
72,46,-0.8951016775877263,category4,1,0
73,93,-0.8925851876097136,category1,0,0
74,42,-0.46896959135592803,category4,1,1
75,78,-0.7045123747880075,category2,0,0
76,97,-1.314894399229865,category4,0,0
77,72,-1.0008367915004777,category3,0,1
78,66,-0.27222430687307875,category2,1,0
79,27,-0.21050938087320065,category3,0,0
80,65,2.275884446012264,category1,1,1
81,10,-0.19995909653500193,category3,0,0
82,73,-0.019221887607798856,category3,0,1
83,97,0.9389307478546437,category1,1,0
84,87,0.746162154665799,category1,0,0
85,81,-0.7547042659604168,category4,1,1
86,23,-0.9871448952011259,category3,1,1
87,85,0.6840717184237093,category2,0,0
88,95,-0.6549792957843518,category4,1,0
89,1,0.1570992118153622,category1,1,0
90,57,-0.8955379818854057,category3,1,0
91,88,-0.18676666070943657,category3,1,1
92,22,1.433681548139554,category1,0,0
93,74,-1.291283146514194,category1,1,0
94,14,1.5124536669972022,category4,1,1
95,62,-1.3155152571448299,category3,1,1
96,34,-0.3490813609018508,category1,0,1
97,40,-3.1819150188393417,category1,1,1
98,77,0.44285235321806804,category1,0,0
99,75,0.6255193431172199,category3,0,0
100,82,-0.2807662443561939,category4,0,0
101,33,1.309981934441159,category1,0,0
102,73,1.0447217869014989,category3,0,0
103,41,1.5294225025657766,category2,1,0
104,52,0.1448777903743928,category1,1,1
105,48,-0.038209047383623025,category3,0,0
106,93,0.3960847366985138,category2,0,1
107,31,-0.8135658534129752,category3,0,1
108,39,0.8096257825583955,category1,1,1
109,14,-1.033764573975105,category1,0,1
110,46,0.3223845979835198,category3,1,1
111,40,1.0197084961396816,category4,0,1
112,25,1.1493417452707164,category2,0,0
113,53,-0.8153210973675127,category2,1,1
114,99,1.5268458778097616,category2,0,1
115,15,-0.5031406927013717,category2,1,1
116,69,0.12805097327332302,category2,1,0
117,14,0.5059214904441552,category3,0,1
118,25,1.6829092733727673,category3,1,1
119,44,-0.7890236690963944,category4,0,1
120,25,0.24249661949550327,category4,0,1
121,89,-0.47252850148002534,category3,0,0
122,3,-0.00950432778748449,category2,0,0
123,98,0.7447409314280357,category4,0,0
124,27,-0.173774270313736,category4,1,1
125,11,-0.2329997324145382,category4,1,1
126,47,-0.8866915711881955,category3,0,0
127,41,1.2626203060194006,category1,1,0
128,64,2.132577385921037,category3,1,0
129,37,1.4293622303152782,category1,1,1
130,50,0.6177597291581763,category4,1,1
131,41,-1.0067864298454725,category1,0,0
132,55,2.7287546124620556,category3,0,0
133,13,-1.413490732268774,category3,1,0
134,15,-0.8502398404097051,category1,0,0
135,75,-1.3867986012566464,category4,0,1
136,62,-0.7233989369147539,category3,1,0
137,2,-0.09349111373163393,category1,0,0
138,49,0.24091424567008848,category4,1,1
139,68,1.1036329020458933,category1,0,0
140,15,2.13789115752074,category4,1,1
141,83,2.4591737292124978,category4,1,0
142,41,0.39498250900914067,category2,1,1
143,69,1.2831088286072223,category1,1,0
144,48,-0.7367369012379993,category3,0,0
145,6,1.3716141503704085,category4,0,0
146,37,1.0161788124307503,category4,1,0
147,52,-0.2448923959325494,category3,1,0
148,32,-2.031504700653474,category2,0,1
149,79,-0.02765452756876549,category4,1,1
150,94,1.0269014999297665,category1,1,1
151,88,1.3708720302196864,category3,0,0
152,17,0.8064038992592184,category3,0,0
153,11,0.352456397715084,category4,0,1
154,85,1.1465697673105713,category4,1,1
155,21,-0.06463222336136686,category2,0,0
156,33,0.3660162851316381,category2,1,1
157,99,0.8534641983866109,category4,1,1
158,45,-0.09038359461382717,category1,0,0
159,37,1.5007281952698976,category2,0,1
160,28,-0.38488389237847237,category4,0,1
161,69,-0.37319258276079226,category2,1,1
162,37,-0.16971964880274903,category3,1,0
163,84,-0.6302677180342292,category3,1,0
164,84,-0.28704788050110785,category4,1,0
165,71,2.1157977868717897,category3,0,0
166,20,-0.40046202770033607,category2,1,0
167,29,0.9609988869281235,category1,1,0
168,24,0.45203924094108544,category3,0,1
169,6,-1.6235518120928538,category1,1,1
170,29,1.393375967017992,category4,0,1
171,7,0.1572234887036946,category2,1,1
172,52,-0.8603986150278236,category4,0,1
173,40,-2.4059216474824576,category2,0,1
174,12,0.9466341617209946,category3,1,0
175,50,-2.1188585479200897,category1,1,0
176,25,-1.736011717769555,category1,0,1
177,36,-0.4433714957143546,category2,1,0
178,81,1.0142464710572896,category2,0,0
179,25,-0.5444591494894411,category2,0,0
180,3,-0.6915681278050146,category1,0,0
181,87,1.0239357018038004,category3,0,1
182,59,1.6121479124031086,category4,1,0
183,1,1.2829926476615352,category3,1,0
184,79,1.7880677316538451,category1,1,0
185,8,-2.5594085399546738,category4,0,1
186,29,-1.2650278223462215,category1,1,1
187,17,1.1118099836673065,category2,1,0
188,91,1.2763703412562286,category4,1,0
189,95,-0.5406679693304355,category1,1,1
190,54,-0.6431724310745135,category3,0,0
191,73,1.4880520311145218,category3,0,0
192,84,-0.2893913296252427,category4,0,1
193,41,-0.6492689318525768,category4,0,0
194,28,0.35776236269919637,category4,1,0
195,50,1.045729321720726,category1,0,1
196,13,-1.1176647909117012,category2,1,0
197,17,-0.6637190013364569,category1,0,0
198,58,-1.0427646018415717,category1,1,0
199,34,0.6377873855710937,category1,1,1
200,57,0.5594417142222403,category3,0,1
201,54,-0.8188646152309376,category4,0,0
202,28,0.6764881490443597,category3,0,1
203,38,-1.5531276476545357,category2,1,1
204,92,-1.461796563375593,category2,1,0
205,68,-0.5905294815319697,category4,1,0
206,2,-1.1153066202447117,category2,0,0
207,27,-0.7467376070777748,category3,0,0
208,67,0.6576473107824924,category2,1,0
209,3,-1.219917248958618,category1,1,1
210,35,1.399579269205455,category3,1,1
211,56,0.5115438515645087,category2,0,1
212,39,1.2718039397512497,category3,0,1
213,63,-0.2529526344340186,category2,0,0
214,39,1.484548750556704,category2,1,0
215,86,-1.5625195425193745,category1,1,1
216,11,1.1884938895766566,category1,0,0
217,41,-0.4365187618836298,category3,0,0
218,53,0.9007747640793681,category3,1,1
219,5,-0.5524307502638482,category2,1,1
220,97,0.2651240096162305,category3,0,0
221,96,0.6401341815069423,category1,0,0
222,89,1.2857192030426488,category1,0,0
223,65,-0.07149425496362435,category3,1,1
224,61,-3.4248074862542843,category2,1,0
225,75,0.42906627344104353,category1,0,1
226,89,0.6627162622854871,category2,1,0
227,93,0.16227172169459436,category4,0,0
228,18,1.2556765934221632,category4,0,1
229,75,-0.029234581907257674,category2,0,0
230,39,-0.8227751784486532,category4,0,1
231,79,-1.4774125185239029,category3,0,1
232,22,-0.15156548834948844,category4,0,0
233,26,1.3593312405797389,category4,1,1
234,85,0.2725831763204374,category2,0,1
235,79,0.3815620887026986,category2,1,1
236,95,1.195102934575782,category2,1,1
237,83,0.17266833347431584,category4,0,1
238,76,0.3096705249975428,category3,0,1
239,19,0.6581671352359776,category1,0,1
240,18,1.0528965973871813,category4,0,0
241,44,0.3180492871179227,category3,0,1
242,37,-1.4737042296387286,category4,1,0
243,56,-0.23620529835973095,category4,0,1
244,28,-2.038196186531812,category1,0,0
245,69,0.8638704643330642,category3,1,0
246,99,0.6074645994227722,category1,1,0
247,55,-0.1332182341957341,category2,0,0
248,48,0.7108262301660107,category4,1,1
249,57,1.2440065681604604,category4,1,0
250,40,-0.8056899670258092,category3,1,1
251,13,0.48824643764123804,category3,1,1
252,26,3.141259726029356,category4,0,0
253,84,-0.1346438443831026,category3,1,0
254,74,-0.028336807891647237,category3,1,1
255,73,-0.39611000624090353,category3,1,0
256,6,-1.0980942004892338,category1,0,0
257,63,0.8015192666143316,category3,0,1
258,15,-1.1540704534383672,category1,1,1
259,30,0.4311547640145531,category2,0,0
260,80,0.9008448056889921,category2,0,1
261,81,0.2789381668667705,category1,0,0
262,80,-1.231530797921739,category4,0,1
263,71,0.749271762021818,category4,1,1
264,10,-0.33703928673575306,category3,0,1
265,4,0.043267103393834556,category3,1,0
266,32,0.7308749108496294,category2,0,1
267,79,-0.009491723401099888,category2,1,0
268,87,2.3770645146824205,category3,0,1
269,65,0.6104245124201324,category2,0,1
270,73,0.5235333380144992,category3,0,0
271,55,0.11029192318609334,category4,0,1
272,53,-0.9648643326172877,category4,1,1
273,2,-0.08320851181586843,category4,1,1
274,57,1.843363601624919,category2,1,1
275,43,0.3603654614475243,category1,0,1
276,60,-0.9770731208496584,category4,0,1
277,30,-0.2153188417463416,category1,0,0
278,10,-1.457596164693401,category4,1,0
279,45,-1.387134205023966,category4,1,1
280,94,-0.8432557180880781,category4,0,1
281,95,0.16234609558524918,category3,0,1
282,51,1.1565783270485768,category2,0,0
283,57,0.05203104634683826,category2,0,0
284,90,-1.2152143424517838,category4,1,0
285,89,0.9860540390322613,category1,0,0
286,64,0.07766239421894296,category3,0,1
287,98,-0.14367696860446894,category1,1,1
288,13,0.2061088849495899,category1,1,0
289,66,-0.2790689611054289,category2,1,1
290,30,-0.3119373526338339,category2,0,0
291,46,1.2001006306074946,category1,0,0
292,28,1.6710608070858122,category4,0,1
293,5,-0.7283368439319375,category4,0,0
294,58,1.216019136089796,category2,0,1
295,77,-1.5908206586417801,category4,1,1
296,67,-2.1371907331108146,category2,0,0
297,82,-1.1627455065825874,category1,1,1
298,35,-2.155078873803958,category2,0,0
299,87,-0.9253159880975307,category1,0,1
300,94,0.3804448375474116,category4,1,0
301,21,-0.36177687886474236,category1,1,0
302,62,1.5213608719997231,category2,0,0
303,60,0.6987672825599869,category2,1,1
304,27,0.3464444901533603,category3,0,0
305,92,-0.6257584680497464,category2,0,0
306,43,-2.7641975940734937,category4,0,0
307,12,0.2667401408862115,category3,0,0
308,98,-1.4299020993566207,category1,1,1
309,28,-0.3846304320720539,category1,1,1
310,8,-1.5461754641440868,category4,1,0
311,43,1.706676854727942,category2,0,1
312,45,-0.06274695213438614,category4,0,0
313,76,0.512749189141539,category1,1,0
314,71,0.4802286126975561,category1,0,0
315,39,0.29112938437476643,category4,0,1
316,15,-1.0936224461574864,category3,0,1
317,69,-0.06741684516951296,category1,0,1
318,46,0.4873287947356123,category3,1,0
319,45,-0.5177389613201573,category2,0,0
320,97,0.619474817903337,category1,1,0
321,46,-0.8419322868874108,category3,1,0
322,74,-0.5701991317277977,category4,1,0
323,63,1.657257520321003,category4,1,1
324,56,0.9594760725882564,category4,0,1
325,89,-0.6076974327002458,category2,1,1
326,94,0.003608359833521889,category1,0,0
327,60,0.28597101346514453,category4,0,1
328,61,0.1301086583600596,category4,0,1
329,8,-0.004664671999114233,category1,0,0
330,76,0.06438534091015567,category1,1,1
331,72,0.3926285147845633,category1,0,1
332,46,0.1328093857913316,category1,1,0
333,15,-0.4387129183149172,category4,1,0
334,48,0.1433018198531174,category3,1,0
335,3,0.23575043177426824,category4,0,1
336,18,-0.9120000999346927,category3,1,0
337,84,0.5999865985785626,category4,1,1
338,90,-0.6278918374274048,category3,1,0
339,93,-0.037631361960357254,category4,1,1
340,45,0.7114179123275676,category2,0,1
341,59,0.5175671050601989,category4,0,0
342,47,-0.384281849310095,category4,0,1
343,17,0.4796711775248344,category3,1,1
344,39,-0.2867272774060615,category2,0,1
345,67,-1.008698731638153,category3,0,0
346,9,1.1634259489613188,category4,0,1
347,93,1.995823324068222,category4,1,1
348,38,0.5794044404681881,category3,1,0
349,15,-0.39275860619894765,category3,1,0
350,23,-0.5702183320398518,category2,1,1
351,55,0.5230949368349181,category1,0,1
352,75,1.7850495054034736,category4,1,1
353,41,0.5439643714675894,category3,1,0
354,33,1.0621561779674065,category2,0,1
355,54,0.17564609266550227,category1,1,1
356,81,0.6012253215886249,category1,1,1
357,46,0.17336040356597174,category3,0,1
358,33,-0.7819053688249888,category3,0,1
359,51,2.20544370129453,category1,1,1
360,77,1.043476564331838,category2,1,1
361,70,-0.038159458677677456,category4,1,1
362,95,-1.803509722369884,category1,0,1
363,77,-0.6394021923354396,category1,1,1
364,42,0.12363499709647216,category1,1,1
365,64,1.0580200657055128,category1,1,0
366,24,-0.031195279438882898,category4,0,1
367,66,-1.1331958745487243,category2,1,0
368,6,-0.45543886557083774,category1,0,1
369,32,0.28196888485608296,category2,1,1
370,58,0.3295661810321058,category2,0,1
371,98,1.0684894420257531,category3,1,1
372,10,0.5631318378477268,category4,0,1
373,71,0.030469605948593333,category4,0,0
374,80,-0.6779606549937971,category4,0,1
375,21,1.0082012836109029,category2,1,1
376,51,1.7640903753992252,category1,0,1
377,50,0.6861281312030502,category2,1,1
378,97,1.1826554970354297,category1,1,0
379,3,0.34918821616624063,category4,0,1
380,58,1.09424491258965,category3,1,0
381,98,-2.58311414652064,category4,1,1
382,76,0.009806573634405126,category2,0,1
383,86,0.281660955412395,category2,1,1
384,20,0.33922761699635084,category3,1,1
385,79,-0.964891340452784,category2,0,0
386,68,0.0436975986869312,category3,0,0
387,70,0.6358842945603204,category2,0,1
388,44,0.5517016758847932,category2,1,1
389,42,1.6328279921467979,category4,0,0
390,99,2.0918013017674064,category1,1,0
391,83,1.7236050140161212,category3,1,1
392,30,-0.14223589081664564,category3,1,1
393,96,0.4619597597191058,category3,1,0
394,95,1.9258835606458002,category1,1,0
395,6,-0.1139021756586073,category4,1,0
396,26,-0.8552524479813397,category1,1,1
397,12,-0.195675068625151,category3,0,0
398,3,1.2183308163919153,category3,0,1
399,88,-0.7076469393515881,category1,0,0
400,75,-0.4718558408178509,category3,1,0
401,20,0.508713055632513,category4,1,1
402,27,0.057410123781998966,category4,0,0
403,33,-1.8281716919956683,category1,0,1
404,36,0.7056387451403429,category3,0,0
405,59,-0.41878923734769125,category3,0,0
406,45,-0.6399940880942365,category1,0,1
407,66,0.0507996261678159,category4,1,1
408,53,0.41053647397636733,category1,1,0
409,25,0.00335120729310666,category4,1,1
410,52,-0.8358078082523863,category1,0,1
411,14,-0.7526749416095556,category2,1,1
412,89,-1.3715167541881008,category4,1,1
413,62,0.7596037723484448,category1,0,1
414,55,-1.1901990945811576,category2,0,0
415,86,-1.182659830479585,category4,1,1
416,66,-0.7711499030297307,category4,0,1
417,87,1.8770705450337453,category3,0,1
418,83,0.2782484049681211,category2,1,0
419,13,1.386247774047382,category2,1,0
420,58,1.1673964775303354,category4,0,0
421,37,-0.847860546256588,category2,1,1
422,53,-0.4380547432688226,category2,0,1
423,71,0.27213674053630993,category3,1,0
424,38,-2.021888040908029,category4,1,0
425,1,-1.421208743797885,category4,0,0
426,80,-1.0859173916834732,category2,1,1
427,96,0.8319645183354888,category1,1,0
428,63,-0.3967604125332189,category1,0,0
429,66,0.5185742273060374,category2,1,0
430,38,0.6275058309257562,category4,0,0
431,21,0.2292474702941805,category3,1,0
432,73,-0.8571175594046468,category4,0,0
433,80,0.8964327304869588,category4,0,0
434,23,0.9222181868630877,category3,1,0
435,68,-0.7431417785038318,category1,0,0
436,10,0.4274352244631325,category4,1,0
437,99,-1.0833688552245606,category2,1,1
438,79,-1.0288905602315694,category2,0,1
439,76,-0.4880407270238117,category4,0,0
440,69,2.195962036183679,category1,0,0
441,8,-1.1347855259417117,category4,0,1
442,44,-0.6601206772587828,category1,0,0
443,77,1.3093595214833573,category4,1,0
444,31,0.8130178981291666,category3,0,1
445,75,-0.049761522578810176,category1,0,0
446,56,2.087169560752923,category1,0,0
447,6,-0.4183357831060876,category1,1,0
448,25,0.7362273026094744,category4,0,0
449,89,0.135957409204271,category1,1,1
450,62,1.0871807774882278,category4,0,1
451,37,0.1273249244894349,category4,0,1
452,31,-1.5122156790927654,category4,1,1
453,81,0.9428692166293959,category2,0,0
454,43,-0.4036520280481792,category4,0,1
455,3,-0.5190690509118258,category3,0,1
456,89,-1.8014028699014022,category3,1,0
457,69,-1.0433475602520375,category1,1,0
458,7,0.802600383800423,category3,1,1
459,48,1.3054455342184632,category1,0,1
460,80,-0.4975851669610558,category2,1,0
461,9,-0.04348179973468507,category4,0,1
462,77,1.3340571405182966,category1,1,0
463,80,1.1559126519876597,category3,0,1
464,52,-0.43564913310961806,category1,1,0
465,86,-0.7693845010126872,category4,1,1
466,2,2.8557839438831265,category4,0,1
467,85,-0.31629141185516185,category4,0,0
468,55,0.7855013154951893,category2,0,0
469,28,0.27189194950933127,category3,1,0
470,89,-0.12477549852155219,category3,0,0
471,90,-0.10791133028686849,category4,0,1
472,81,0.5451784112688596,category3,1,0
473,48,0.5177034056270942,category1,0,0
474,62,-0.8949731205753567,category3,0,0
475,23,-0.5493413232469014,category1,1,1
476,45,-0.8772177610257409,category1,1,1
477,17,-0.37945598251261187,category4,1,1
478,97,0.13317539655241692,category4,1,0
479,73,-0.22835107276056585,category3,0,1
480,68,0.6097580612260751,category3,1,1
481,18,1.7885469982519326,category2,1,1
482,44,-0.07495336032390965,category3,0,1
483,9,-0.3200109134563552,category3,1,0
484,85,-0.48280299209889377,category2,0,1
485,49,-0.8741093590810362,category2,1,0
486,46,-1.6283304004245795,category4,1,1
487,79,-1.4290433948515153,category4,1,0
488,75,0.534314063263655,category4,1,0
489,54,-0.2532233752779321,category2,1,0
490,20,-1.2171139053928772,category3,0,1
491,60,-1.7902296740095491,category2,0,0
492,79,-0.4760731706734844,category4,1,0
493,87,2.1126168154988085,category2,0,1
494,36,0.5490327533929017,category4,0,1
495,15,0.9341391161596033,category1,1,1
496,21,0.21911128377289912,category1,0,0
497,2,-0.24587739113356144,category1,1,0
498,11,-0.05246611663248381,category4,0,1
499,38,-0.24042627726397273,category2,1,1
500,23,-0.9473747785773566,category1,1,1
501,77,2.383708159072062,category2,1,1
502,10,-0.1678513535757472,category2,0,1
503,55,-1.4011604981400094,category3,1,0
504,27,-1.393594447659836,category1,1,0
505,43,0.5103117314352652,category1,1,1
506,3,0.16826399983907384,category3,0,0
507,65,0.3911814561769437,category1,1,1
508,61,0.9132293744860036,category2,0,1
509,67,-0.13620242745446573,category2,0,1
510,82,0.12482873238489624,category4,1,0
511,61,-0.9700975713564688,category3,0,0
512,53,0.7945520459741732,category4,1,1
513,57,0.13264599030079793,category2,0,0
514,62,1.7115311022298567,category2,0,1
515,49,0.03143215313182965,category4,1,0
516,52,-0.11994499052473483,category4,0,0
517,44,-1.1775523666335317,category2,0,1
518,6,0.4662420072938725,category2,1,0
519,32,1.8117010867762384,category1,1,1
520,93,-1.6458223763550075,category4,0,0
521,8,-1.5783095216196599,category1,1,0
522,1,1.8134412003610927,category2,1,0
523,51,0.9740869551734842,category4,1,1
524,52,0.8798227615087325,category3,1,0
525,15,-1.0062938573364764,category2,1,0
526,51,-1.2646011617325756,category3,0,1
527,25,1.7062661478518555,category3,1,0
528,32,-1.8968362670241459,category4,0,0
529,78,-1.4172371364035254,category3,1,0
530,29,-0.8543185083022672,category1,1,1
531,61,0.08873343385013036,category4,0,1
532,14,1.1551720658733262,category2,0,0
533,72,-2.094218247831619,category3,1,1
534,23,-1.0272000256159883,category4,0,1
535,84,0.5888421278170771,category3,1,1
536,48,-0.7378500351363652,category4,1,0
537,32,-1.7146629012827217,category2,1,0
538,35,1.059929914805663,category4,1,0
539,48,-0.9797296824775409,category4,0,1
540,46,-1.7252505959822177,category4,0,0
541,18,1.626079301106315,category2,1,0
542,41,1.1891420854058066,category3,1,1
543,70,-0.28941216434198974,category3,1,1
544,67,1.7174394306291962,category4,1,1
545,34,1.3631777606802442,category2,1,0
546,8,-1.4604984100179428,category1,1,0
547,1,0.12527526921812018,category4,1,1
548,36,0.23865027775817566,category1,1,1
549,10,0.4051697656342168,category4,1,1
550,52,0.7115437371985973,category1,0,1
551,15,-0.42484005274055126,category2,1,1
552,54,-0.04985629206309275,category2,1,1
553,30,1.2509613403693702,category2,1,1
554,79,-0.09488791719235867,category4,0,0
555,78,0.4558947353372657,category2,0,0
556,52,1.3168959176942596,category2,0,0
557,40,0.4157929216131167,category3,0,0
558,38,-0.35091826627775763,category1,0,1
559,41,-1.3568667102781666,category2,0,1
560,89,-1.3495616643369275,category2,1,1
561,27,-0.058833810072825614,category4,0,0
562,32,0.0949773956692446,category1,1,1
563,54,1.3225129152970327,category2,1,1
564,52,1.3670695469585101,category3,1,1
565,45,0.45760837577655705,category3,0,0
566,65,-1.4717803819439166,category3,0,0
567,43,-1.184937060832442,category3,0,1
568,8,0.4943683444639001,category4,0,0
569,11,1.6498225767662238,category3,1,0
570,20,-1.2086494814228412,category4,0,1
571,20,1.3360465559947645,category3,1,1
572,27,-1.5702968168607299,category4,0,0
573,84,1.0703280666611386,category3,0,1
574,81,0.41589606520948985,category4,0,0
575,17,0.7675878522178233,category2,1,1
576,10,-0.30695948387613503,category3,1,0
577,11,-0.47235450590028927,category1,0,1
578,50,0.8075754020380782,category4,0,0
579,42,-1.1168520697441597,category4,0,1
580,37,-0.04410650656050576,category2,1,0
581,60,-0.34060188815035736,category3,1,1
582,57,-0.6432154307378051,category3,1,0
583,70,-0.5396262301545206,category1,1,1
584,74,0.5288147900601076,category3,1,1
585,31,0.8922919779305566,category4,0,0
586,66,-0.4023843192929341,category3,0,0
587,38,1.0997233713507737,category3,1,0
588,29,0.45196228883695944,category3,1,1
589,3,-0.2847139367105324,category3,1,1
590,82,0.21672978640571225,category3,0,0
591,19,1.181948483864286,category1,0,0
592,19,0.394518038179872,category1,1,1
593,6,0.08998807100982462,category2,0,1
594,77,2.1484015711397824,category1,0,1
595,63,-0.3804864807799465,category2,1,0
596,90,0.9173299432128241,category4,0,1
597,69,0.14511368802011257,category4,1,0
598,52,-0.08077714630451929,category4,0,1
599,43,-2.3468498388065226,category2,1,1
600,6,-0.29144298772754085,category4,0,0
601,7,-0.7416177824348609,category3,1,1
602,38,-1.1686687686768775,category1,1,0
603,72,-0.36198150733546325,category3,1,1
604,68,2.2341953153901533,category4,1,0
605,43,-0.2067367740329384,category2,1,0
606,3,1.0376646527557876,category2,0,1
607,88,-0.056362614860828324,category1,0,0
608,96,1.0815567285898808,category3,0,0
609,49,-1.0365290680092967,category3,0,1
610,51,-0.754610903906042,category4,1,1
611,21,-0.9617539906461215,category4,1,1
612,68,1.1584132954436583,category2,0,0
613,33,-1.576682489425652,category2,0,0
614,9,-0.8277349076033984,category4,0,0
615,24,-0.6691586048606085,category1,1,0
616,65,0.9645122924544091,category2,0,1
617,61,0.8999470712401935,category4,0,1
618,28,0.8811602934798459,category4,1,0
619,22,0.7198635355050754,category4,1,1
620,43,-0.5771390636697846,category1,0,1
621,13,-0.12827280921784875,category1,0,0
622,69,-1.7722260759008994,category1,0,1
623,4,-1.2847717529718923,category4,0,0
624,80,-0.817993489366106,category4,1,1
625,57,-0.4647372291805293,category4,0,0
626,17,-0.3845431494682095,category3,1,0
627,62,1.3757637707884005,category2,0,0
628,30,0.5071625779353995,category4,1,0
629,2,1.285741837582165,category1,0,1
630,57,0.21980879732649253,category1,1,0
631,73,0.6646313928135588,category4,0,1
632,35,-0.8718617622046106,category3,1,1
633,83,0.15466371006787605,category3,0,1
634,61,-1.664285566066505,category2,1,1
635,76,-0.43430491679200867,category2,1,0
636,9,0.16602960642594794,category1,0,0
637,59,-1.1431684350588993,category4,1,1
638,33,1.747703695277497,category2,0,0
639,95,-0.21193340349128148,category4,0,1
640,25,-1.0486030105997917,category1,1,0
641,87,0.313551880266301,category2,0,1
642,45,-1.3456695122371458,category2,1,0
643,68,1.3791899975032695,category3,0,0
644,21,1.5024667877434128,category1,0,0
645,75,-0.21391630055307742,category2,0,0
646,5,1.3613337281483473,category1,1,0
647,56,-0.20819630932128955,category3,0,1
648,38,2.7867625359419326,category1,1,0
649,17,0.026813174384987627,category1,0,1
650,69,-1.5623691961552277,category3,0,0
651,14,1.230831147690902,category1,0,1
652,55,-0.7362511836558996,category2,0,1
653,68,-0.7420684799049311,category3,0,1
654,81,-0.800851479098556,category1,1,1
655,63,-0.020774694478863657,category4,0,1
656,95,1.1351060861841742,category4,0,1
657,32,-0.23849270523727004,category3,0,1
658,93,0.6412528956739937,category4,1,1
659,36,-0.9784198481112694,category1,1,1
660,30,-1.2230837674944453,category1,1,0
661,34,1.0810877002942811,category2,0,1
662,75,1.206274839983981,category4,0,1
663,59,-1.2036379959474293,category4,1,1
664,11,0.5342073369095846,category2,1,0
665,17,0.7491624658603693,category1,0,0
666,75,-0.6736942914986752,category1,0,0
667,20,2.2410652569630893,category1,1,1
668,94,1.4692356025724878,category1,1,0
669,51,-0.7620319167685781,category1,0,1
670,40,1.5701746558508125,category2,0,0
671,40,-0.02930728441376033,category1,0,0
672,68,0.29450607040449456,category1,0,0
673,38,0.3795766559021752,category1,0,0
674,20,0.09744910333306371,category2,1,0
675,99,-0.038770849900304306,category4,1,0
676,80,1.516856746750489,category4,0,0
677,91,-1.08380473779279,category4,1,0
678,59,-0.7053310913726526,category1,1,0
679,90,-0.1776525614053466,category4,1,1
680,77,0.44032076075066306,category2,0,0
681,34,-0.13979542045945637,category1,0,0
682,41,0.49508987064968585,category1,1,1
683,92,1.3970378387298525,category1,0,0
684,8,0.6237250412303726,category3,0,0
685,6,-0.020588558732683837,category3,0,1
686,67,0.30013089750565136,category3,0,0
687,53,1.1146106427456581,category3,0,1
688,88,-0.010703137914536214,category1,0,0
689,97,-0.6347105540217646,category1,0,1
690,26,0.0481903630309697,category3,1,1
691,34,-1.9425530243941715,category1,0,1
692,97,0.32516800295420345,category4,0,0
693,48,0.0036623425073537066,category1,1,0
694,57,0.21568237735775303,category4,0,0
695,32,0.6963593731764822,category1,0,1
696,89,-1.1742154723510252,category3,0,1
697,84,1.2062134275895287,category3,0,1
698,26,1.7667003048529115,category3,0,0
699,18,-0.8402820456899127,category3,0,1
700,79,1.3003134299020225,category2,1,0
701,58,-0.18807994464819586,category3,1,1
702,57,-1.079951436092741,category3,0,1
703,18,-0.3735611392036904,category4,0,0
704,36,-0.6332303072475958,category4,0,0
705,94,1.4843108617275846,category3,1,1
706,75,0.6638318072622356,category1,0,1
707,86,-0.5894751765249442,category3,0,0
708,88,1.0630744988742682,category4,1,0
709,77,0.01587577987614282,category3,1,1
710,89,-0.6017469266198802,category2,1,1
711,42,-0.2155263626043531,category2,1,0
712,53,0.8484899009208613,category4,0,1
713,76,-1.6778724919053378,category3,0,0
714,35,-0.19174012412862057,category2,0,1
715,54,-1.4500026105215678,category1,0,1
716,76,-0.1836620958857059,category4,0,0
717,53,0.5304284230538026,category3,1,0
718,14,0.7173704617511101,category2,1,0
719,30,-0.24955688249654182,category4,0,0
720,5,-0.7317622820666485,category4,1,0
721,83,0.6761363496023712,category4,0,0
722,10,-0.05401323613696897,category4,1,0
723,66,-0.7643745617731905,category2,0,0
724,41,2.409504910948083,category3,1,1
725,11,-0.24525755642299507,category1,0,0
726,71,-1.30269457403306,category4,1,1
727,52,-0.19195715309142047,category4,1,0
728,38,-0.8852967946021462,category2,0,1
729,78,-0.1557032465199671,category2,0,0
730,64,-1.3569176860740946,category1,1,1
731,24,-0.39604443408060724,category2,1,0
732,87,0.7191445129700673,category1,0,1
733,32,0.07560343924631914,category4,0,0
734,13,-0.11689244483825986,category4,0,0
735,79,1.4349057639116978,category3,1,0
736,58,-0.6131996750904065,category4,1,1
737,43,0.12343128953447481,category1,1,1
738,65,-0.1079030243712536,category3,0,1
739,74,0.1319133820562458,category1,0,1
740,58,1.37293107808752,category4,0,0
741,30,-0.9680059951269714,category3,1,1
742,11,0.19431358005483962,category1,0,1
743,99,-0.9118895149448469,category2,1,0
744,80,-0.2063915201772708,category3,0,0
745,35,-0.3694153921196734,category2,0,0
746,99,-0.9886110059861994,category4,0,1
747,58,-0.2918980046914465,category4,0,0
748,33,0.07689942464178073,category4,1,1
749,1,0.5537548861773184,category4,1,1
750,96,-1.0611836485042139,category1,0,0
751,88,1.2377814027568166,category3,0,0
752,17,0.11619848046096577,category3,0,1
753,14,0.44741548526799635,category3,0,0
754,32,1.7557904269045683,category1,0,0
755,13,-0.9481178177163649,category4,0,1
756,56,0.017899922916438143,category1,0,1
757,76,0.15957496921964176,category2,0,0
758,52,-0.7307899730500297,category4,1,1
759,85,0.08476901540505477,category3,0,1
760,37,-1.308896614078999,category2,0,1
761,77,-1.2467452253621176,category3,1,1
762,81,-0.9763764332222756,category1,1,1
763,47,0.410895978255382,category2,1,0
764,4,1.596943180791743,category1,0,0
765,26,0.37636033613847125,category3,1,1
766,16,0.8906578727736544,category3,0,1
767,25,-0.42779935736451596,category1,0,0
768,6,0.24885398270787096,category4,0,0
769,82,-2.2248993892475766,category3,1,1
770,40,1.3714949485926693,category2,0,0
771,32,-0.5250377998930562,category3,0,0
772,45,1.2682101140662465,category4,0,1
773,78,1.7865974598648886,category2,0,0
774,50,-0.5995957199431405,category1,0,1
775,11,-2.3923483116445197,category2,0,1
776,78,1.6620369269668727,category4,1,1
777,41,0.9739355356766766,category3,1,0
778,2,-0.25443136660838367,category4,1,0
779,1,0.7276754641719733,category1,1,1
780,85,-1.527111020625495,category1,0,0
781,98,1.2285809701831862,category3,1,1
782,89,-0.8767222222577894,category2,0,0
783,9,-0.8068332048886471,category3,1,0
784,65,-1.822332462563639,category1,0,0
785,73,1.8828175461412888,category2,1,0
786,89,1.224026471513064,category4,1,1
787,5,-0.2463529042505601,category4,1,1
788,20,1.361432563435608,category2,0,1
789,86,0.9486197010808027,category3,0,1
790,77,-0.8969284411694832,category2,1,1
791,94,1.5700162235711395,category2,1,1
792,13,-0.7381088955881592,category4,1,1
793,39,-0.3099392877138371,category4,0,0
794,56,1.3935362659787058,category3,1,1
795,92,-0.20220959729516622,category1,0,1
796,9,-1.308149329056509,category4,1,1
797,64,-0.5419250363878849,category2,0,1
798,39,0.13609119368573858,category2,1,0
799,60,-0.9550752974255927,category3,1,0
800,38,-0.21741532302570135,category2,0,1
801,12,2.1152935821680314,category2,0,1
802,88,0.109109091224508,category4,0,0
803,56,-0.10587852810342188,category2,0,0
804,21,-1.16478351870871,category1,0,0
805,17,-0.47593813881608305,category4,1,0
806,89,0.7938130963306765,category4,1,1
807,47,-0.06530689392559891,category1,1,1
808,76,0.2013623003242757,category2,0,1
809,97,0.8301711071519607,category1,0,0
810,75,-1.1957915831168764,category1,1,0
811,95,2.012141935064403,category1,0,0
812,98,0.31701237545760125,category4,0,0
813,13,-1.8590389806386423,category2,0,0
814,63,-0.25310374392640306,category3,1,0
815,25,-1.9003133309093527,category3,0,0
816,87,0.24740235947000605,category3,1,0
817,37,0.9024082219878864,category4,1,1
818,44,1.5611584450164546,category3,0,0
819,93,-1.1052861593265866,category1,0,0
820,67,0.9560443201686202,category3,0,0
821,44,0.728055735493344,category1,0,1
822,81,-0.80458852803531,category1,1,1
823,84,-1.4618391338891885,category4,1,0
824,82,0.0746673897294716,category3,1,1
825,91,-0.45498247745455617,category3,0,0
826,6,0.06701577322128147,category4,0,1
827,85,-1.14114267258468,category4,0,0
828,64,-1.909700247392217,category1,0,0
829,28,1.4689987432267486,category4,0,0
830,10,-0.7820314994329798,category3,1,1
831,74,0.712451791126766,category1,0,1
832,52,-2.1901640824599897,category1,0,1
833,48,-0.4743677553586965,category4,0,0
834,68,0.3423834003467382,category2,1,1
835,43,-0.9074505066280188,category2,1,1
836,70,0.7829201425013407,category4,0,0
837,5,-0.30213750896810904,category3,0,1
838,39,1.1670746550429043,category4,1,1
839,91,-0.9437362045817379,category3,1,1
840,80,-1.0787152478987991,category1,0,1
841,50,0.7610324384435492,category3,0,0
842,1,-0.08220728003677788,category1,0,1
843,26,0.3309215132490458,category4,1,0
844,6,0.3835868376945378,category1,0,0
845,66,-0.34845271757771645,category4,1,0
846,56,-0.6965353673589229,category2,0,1
847,47,0.7384650954385574,category2,0,1
848,26,0.7934509862984961,category1,0,0
849,25,0.14154644860931467,category1,0,0
850,80,-0.820604873876981,category1,0,0
851,57,1.2630320737357308,category2,0,0
852,69,-0.915674279037223,category4,1,1
853,86,-0.6728391525079638,category1,1,1
854,13,-1.0215871133667092,category1,1,1
855,54,-1.5296770765409344,category4,0,0
856,39,-0.08501062215291628,category1,1,1
857,7,-0.12273396431422313,category4,1,0
858,98,-0.26314748626095685,category2,0,0
859,11,0.698385883024317,category2,1,0
860,69,0.39032348445174064,category2,1,1
861,19,0.9093312419214611,category4,1,0
862,19,-0.5429545862399722,category1,1,0
863,67,-0.904820960603815,category3,1,0
864,8,-1.9152251030914973,category3,1,0
865,2,1.8643434584952643,category4,1,1
866,32,-1.150274765559289,category4,0,0
867,60,0.964915758813473,category1,1,1
868,61,-0.5333778446610986,category1,0,0
869,66,-0.13080696240355286,category3,1,1
870,7,-0.09390784907067094,category4,0,0
871,68,-0.972973046920468,category4,1,0
872,40,-1.2071471515641254,category2,1,1
873,7,-1.0832738693405106,category4,0,1
874,94,-0.4214236750833322,category4,0,0
875,2,-0.7259372307216546,category1,0,1
876,94,0.9880007940541345,category4,1,0
877,11,-0.7494500013100929,category3,0,0
878,48,1.225014562332374,category3,1,0
879,24,-1.987953765632954,category3,0,0
880,9,0.6641680559956439,category3,1,1
881,76,-0.5530883080146757,category1,0,1
882,35,-0.12659164866816222,category2,0,0
883,8,-0.9531458740148939,category4,0,0
884,26,0.6879823436567173,category4,0,1
885,47,-1.6373391738397067,category4,1,1
886,82,0.99086225229312,category3,0,0
887,75,1.1790627127923825,category4,0,0
888,84,1.674146326694341,category1,1,0
889,55,0.5304413383137004,category1,0,1
890,32,0.631135988971104,category2,0,0
891,92,1.5438377194314243,category3,0,1
892,66,1.7582696846994106,category3,1,1
893,34,-0.3142008303228444,category3,1,0
894,36,0.22744902396014186,category2,0,0
895,81,1.2411347698164452,category3,1,1
896,2,-1.1416554273756498,category4,1,1
897,6,-0.5020880971792914,category4,0,1
898,3,-0.6812032007189581,category1,1,0
899,32,0.4378807224053386,category3,0,0
900,23,0.3063142092785285,category4,1,1
901,32,0.688894990063537,category2,0,0
902,50,0.1606970585929703,category2,1,0
903,15,-0.7399713784476136,category4,1,1
904,2,0.28724419847863397,category4,0,0
905,78,0.5541749429069157,category3,0,0
906,18,0.8902431435897127,category4,1,0
907,36,-0.3115053391836086,category1,1,1
908,90,1.03684563992261,category1,0,1
909,45,0.8878286294287333,category3,0,1
910,64,0.145346815204256,category3,1,1
911,51,0.5918711617007829,category1,0,0
912,17,0.4325364665005293,category1,0,1
913,76,-0.49948686884467913,category4,0,0
914,3,-0.880099160960482,category4,1,1
915,27,-0.004569629901274349,category2,0,0
916,27,-1.2013124300965012,category2,0,0
917,33,1.9483464968345996,category1,1,1
918,38,0.195200620611243,category4,1,1
919,44,-0.8223592530214024,category4,0,1
920,1,0.7290890749130173,category3,0,1
921,81,0.3401625423706218,category3,0,1
922,85,-0.6826026813046686,category1,0,1
923,52,-0.10076016362564742,category1,1,0
924,36,1.1186331682082642,category2,0,1
925,40,-0.8068030338091259,category2,0,0
926,97,-0.3218095484115359,category3,0,0
927,39,0.001847236782704887,category1,1,1
928,81,-0.15171130250485343,category3,0,1
929,85,-0.06844665276409186,category2,1,0
930,97,-0.30419077914894815,category2,0,0
931,56,0.4685144493167091,category3,0,1
932,2,1.951277421159163,category3,0,1
933,90,0.5596827111083879,category3,0,1
934,87,-1.5672619823373095,category4,1,1
935,83,0.37304163157051085,category2,0,0
936,49,-2.041599776816756,category3,1,0
937,32,0.9365331648460766,category2,0,1
938,2,1.1836573718707208,category1,0,0
939,83,-0.5595345919946267,category2,0,0
940,71,1.182174592036019,category3,0,1
941,47,1.469826994549631,category3,1,0
942,43,-0.15340816168109536,category3,1,0
943,68,1.2281953887461312,category2,1,0
944,75,-0.4339256122660351,category2,1,0
945,99,1.780345348701318,category2,1,0
946,26,-0.3958722464110306,category4,1,1
947,72,-1.1104075598573053,category4,1,1
948,53,-0.5833564658054138,category2,0,1
949,46,0.03373970422280863,category1,1,0
950,15,-0.741549658193106,category2,0,0
951,68,-0.8370958741296638,category4,1,0
952,39,1.1037532607351437,category3,1,0
953,14,-1.3075936548478944,category3,1,1
954,4,-0.3617413272549723,category2,0,0
955,37,0.7060415170430963,category4,0,0
956,83,-1.4363786895453448,category3,0,0
957,26,0.9150871271628005,category2,1,0
958,59,0.7295812637536713,category3,0,1
959,7,-0.9921099877113798,category1,0,1
960,67,0.6025825565686401,category4,1,0
961,27,0.8962380299623565,category4,1,1
962,59,0.022581523725522995,category3,0,0
963,86,0.27276908643540404,category1,0,1
964,92,-1.4511820531128754,category4,0,0
965,14,1.6840296727549615,category1,0,1
966,54,0.3010999626026744,category2,0,1
967,35,-1.5932392945198446,category1,1,0
968,25,-2.1379687338140463,category1,0,1
969,16,0.09363113746894956,category4,0,1
970,10,-0.38184993985355603,category2,1,1
971,14,-0.18749725041435353,category2,1,1
972,47,-0.987331529470151,category1,1,1
973,71,0.19957178378849533,category4,1,0
974,1,1.4456463258098953,category1,1,0
975,21,0.14191378409197555,category3,0,1
976,17,1.1572944687366757,category1,0,1
977,20,0.5387721097540439,category4,0,1
978,43,0.5173930210758989,category1,1,0
979,14,1.0814785618146752,category1,1,0
980,98,0.08104877665419434,category4,1,1
981,16,2.3667008518702497,category2,0,0
982,84,1.2872702320122467,category1,0,1
983,28,-0.5430875564421213,category2,0,1
984,6,0.11795579051959132,category2,0,0
985,80,-0.5438548549420693,category4,1,0
986,57,-0.46898524230951466,category4,0,1
987,37,-0.31601260430149636,category4,1,1
988,12,-0.8892449920554251,category4,1,1
989,63,0.8805017907403937,category4,0,0
990,27,-0.5114378938089343,category1,0,0
991,31,0.8512513234681086,category4,0,0
992,39,-0.0939572982628435,category1,0,0
993,77,0.5548004906451247,category4,0,0
994,85,0.2859717697793656,category4,0,1
995,78,-0.949894209830452,category3,1,1
996,75,-0.6337604667900134,category1,1,0
997,82,-0.542421693365808,category3,0,0
998,84,-0.4565962524719503,category1,1,0
999,49,-1.2821140840879028,category1,1,1
1000,83,-1.2285065238468298,category4,0,1
1001,68,-1.03981503261154,category1,1,1
1002,92,-1.3657416964085987,category1,1,1
1003,17,-1.0551390665173734,category3,0,0
1004,57,1.1161485932588928,category3,1,0
1005,56,-0.8567891097630653,category3,1,1
1006,93,0.36303241787213053,category3,1,0
1007,94,-0.6090357230335568,category3,0,1
1008,58,-0.6235813280838559,category3,0,0
1009,73,0.4486973851762967,category1,0,0
1010,51,0.6071002689467112,category4,1,0
1011,73,0.10283606451355624,category4,1,1
1012,15,0.39087080807848545,category2,1,1
1013,72,-0.2823456130357923,category1,1,0
1014,34,-0.3992960184603853,category3,1,1
1015,93,1.8824278517392796,category4,1,0
1016,73,-0.8407919374611382,category2,0,0
1017,11,-0.3645266515041428,category2,1,0
1018,38,-0.32789926248524154,category1,0,1
1019,9,-0.13283829233317326,category1,0,0
1020,91,-1.0516989955717586,category3,0,0
1021,10,2.1313497232498086,category3,0,1
1022,28,1.8588021468145115,category1,0,1
1023,3,-0.46011199230847016,category4,0,1
1024,74,0.9023668875478628,category2,1,1
1025,84,-2.126944906270416,category2,1,0
1026,6,1.1815746675158283,category2,1,0
1027,16,0.08860166630261891,category1,1,1
1028,17,-0.9458768072167214,category1,1,1
1029,63,0.056135659420206964,category1,0,0
1030,19,-0.20957219735360796,category1,1,1
1031,6,-0.071369413740229,category3,1,1
1032,47,0.9643908104227955,category3,1,0
1033,26,-1.554004823310177,category4,1,1
1034,70,-0.05655828022197879,category1,0,1
1035,92,0.10091152702653365,category4,1,1
1036,14,0.8393892229984494,category4,0,0
1037,31,-2.0800554294310185,category3,1,1
1038,70,-0.1865434026069517,category3,1,1
1039,58,0.9478876211515386,category2,1,0
1040,98,-0.7954055560560157,category4,0,1
1041,58,0.10012485248596925,category1,0,0
1042,42,-0.6753041272525874,category2,1,1
1043,27,-0.5485288162067063,category2,0,1
1044,77,-1.6391919522979967,category3,1,1
1045,40,0.4543400896151059,category2,0,0
1046,19,-1.2077503216746717,category4,0,1
1047,86,0.21515609293327034,category2,0,0
1048,98,-0.6819932908282705,category3,1,0
1049,78,-0.3195507274666302,category2,1,0
1050,33,-2.076455279316845,category4,1,0
1051,34,0.22586923552759994,category3,0,1
1052,39,-0.7291675262176109,category1,1,1
1053,45,0.6908374195088655,category3,0,1
1054,8,0.563929214419834,category4,0,0
1055,72,-0.05951880959813252,category3,0,1
1056,62,1.4835023379618613,category4,1,1
1057,70,0.8840613378218278,category4,1,1
1058,98,-0.9291369694912042,category2,1,0
1059,79,-0.3939640793635786,category1,1,0
1060,65,0.9944469056150784,category4,1,0
1061,66,-1.9107266189789738,category1,1,0
1062,74,0.1676697706988529,category1,1,0
1063,11,-1.0136470545039304,category2,1,0
1064,36,-0.7826365089611862,category3,0,1
1065,35,0.2089316010027425,category1,0,1
1066,25,-0.030203048298261915,category4,1,0
1067,69,0.8686773504669846,category4,0,1
1068,40,0.46791127173657926,category3,1,1
1069,97,-2.366421182073829,category4,0,1
1070,29,-0.7552807421806994,category3,0,1
1071,28,0.3043035040221764,category1,0,0
1072,76,-0.9209328523125884,category1,1,0
1073,71,-1.1161285267634344,category1,1,1
1074,76,-0.03884060648185431,category1,1,0
1075,61,0.5595151181210617,category1,1,1
1076,8,0.9847585138342183,category1,1,1
1077,53,0.07231321218325323,category4,1,0
1078,53,-0.5042987072976765,category4,1,1
1079,91,1.9909168865445321,category2,1,0
1080,8,-0.9784517654505898,category2,0,1
1081,15,-0.4029009540420135,category2,1,0
1082,19,-0.23521518524156876,category4,1,1
1083,72,1.19158722709317,category2,0,0
1084,55,1.2827153002954357,category3,0,0
1085,53,-0.11210659166191965,category1,0,0
1086,14,-0.21344662093018546,category4,0,1
1087,15,-1.02925282027397,category1,1,1
1088,59,1.0885472906428555,category2,0,0
1089,75,-2.2932192480726368,category1,1,1
1090,79,-2.1345805064167163,category4,0,1
1091,73,0.33778876572552263,category1,0,1
1092,88,0.20438119175268693,category3,1,0
1093,35,-0.8115226147054998,category1,0,1
1094,77,-0.5138683265916646,category4,1,0
1095,73,-0.7517037228450647,category3,1,1
1096,61,0.028015517063104293,category2,1,1
1097,58,0.5316239789587711,category4,1,0
1098,17,0.06457501631753142,category2,1,1
1099,97,1.2021085877380624,category4,0,1
1100,21,0.9510860432554596,category3,0,1
1101,11,-0.5602118247140776,category3,1,0
1102,3,-0.413927015075067,category4,1,1
1103,26,1.5044520687106375,category3,1,1
1104,34,1.5304059485641386,category1,0,1
1105,45,0.8431492345678275,category1,1,0
1106,40,0.2887582480775841,category1,0,0
1107,40,-0.5891098488070705,category1,0,1
1108,39,-2.5285951100081925,category4,0,0
1109,85,-1.4709642925728614,category3,1,0
1110,14,-0.5481619055881082,category1,1,0
1111,88,0.675705088662768,category4,1,0
1112,55,-1.403983613399354,category1,0,1
1113,28,-1.543874473380501,category1,0,1
1114,96,-1.6479707907461163,category1,0,1
1115,62,-1.5877766594662666,category2,0,0
1116,48,0.7823769992636955,category3,0,0
1117,11,0.8599947399679018,category3,0,1
1118,48,-0.11823250103448839,category4,0,0
1119,80,1.1505943167253059,category2,0,1
1120,47,0.48388444692028965,category4,1,0
1121,93,-0.13956628459138687,category4,1,0
1122,40,1.886389433330106,category2,1,1
1123,41,0.5273355177374087,category2,0,0
1124,80,-0.16170683565069277,category3,0,1
1125,30,1.6068494215202933,category4,1,1
1126,74,-0.07716112567248455,category1,1,0
1127,83,0.6053038352847716,category3,1,0
1128,35,-0.23832010027777104,category1,1,1
1129,87,0.43749881977752964,category2,0,1
1130,92,2.1609418054223566,category3,1,0
1131,87,-0.42729385606092507,category3,0,1
1132,65,-0.9862235438480287,category3,1,0
1133,58,-0.5911018555759577,category1,0,1
1134,14,0.5923105818734872,category4,0,0
1135,98,1.4091474174673875,category4,1,0
1136,26,-0.2785025617822535,category1,0,1
1137,86,0.49442574672792117,category4,0,0
1138,98,-1.2761598093545052,category3,0,1
1139,36,-0.24311029659496836,category3,0,1
1140,7,-1.5737407832505141,category2,1,1
1141,42,0.2855813030564282,category1,1,1
1142,16,-0.306035931133141,category3,0,0
1143,27,-1.732418004641929,category4,1,0
1144,62,-0.4194872553115264,category2,1,1
1145,55,0.1150039193649938,category3,1,0
1146,26,0.27706047099616443,category3,1,0
1147,20,0.23291443917688098,category3,1,0
1148,89,0.15783984416528982,category2,0,1
1149,65,-1.323457046448004,category1,1,0
1150,5,-0.30597232016744247,category1,1,0
1151,61,-0.7699019290945842,category4,1,1
1152,94,1.7139391251790812,category2,1,0
1153,40,1.5193725702056815,category2,0,0
1154,78,0.30992046722337535,category3,1,0
1155,52,0.7215564321290013,category3,0,1
1156,88,-0.7012797043866711,category3,0,0
1157,30,-1.9138296626902453,category1,0,1
1158,44,0.4446187969695679,category2,1,0
1159,90,-0.2829307500102932,category4,0,0
1160,3,-1.3172489853911857,category1,1,1
1161,30,0.38803340473883235,category2,1,0
1162,43,1.4357613862358451,category4,0,0
1163,52,-0.7474268138719552,category4,0,1
1164,37,-0.3026268953954085,category3,0,1
1165,82,0.9384025387150094,category2,0,0
1166,23,0.1525499488387012,category1,0,1
1167,63,-0.609464606376131,category3,1,1
1168,28,0.23157112598282417,category2,1,1
1169,47,0.43173037757015525,category3,1,0
1170,1,0.2198924715207216,category1,1,0
1171,94,1.3662738370707515,category1,1,0
1172,16,-0.286058965214296,category4,0,1
1173,43,-0.4498958513839055,category4,0,1
1174,4,1.3041554040546877,category2,0,1
1175,51,1.5442733488031908,category4,1,0
1176,48,-0.3212043886014601,category4,0,0
1177,58,0.46806147874785975,category3,1,0
1178,60,-0.6367466052945876,category2,1,1
1179,78,0.43017433782432446,category3,0,1
1180,15,-0.2911154204894823,category4,0,1
1181,82,1.687767768662003,category3,1,1
1182,69,0.879033813111938,category4,1,1
1183,61,1.3457117256859177,category1,1,0
1184,4,-0.9640035345560041,category3,1,0
1185,56,-1.2805920666460984,category1,0,0
1186,3,-1.0774333209141502,category1,1,1
1187,76,-1.121566373394638,category4,1,0
1188,52,-0.5106854432419776,category4,0,1
1189,51,-0.632119796194989,category2,1,0
1190,55,0.5954505878812805,category2,1,0
1191,7,0.7615081555980667,category3,1,1
1192,1,-1.1566681104605263,category4,1,1
1193,86,0.0490662695295144,category2,1,1
1194,1,-0.34588907194169877,category1,1,1
1195,73,0.04595769659797452,category3,0,0
1196,37,-0.4595281866421251,category3,1,1
1197,34,-3.3664070264575665,category1,1,1
1198,20,0.3097448815494388,category4,1,1
1199,44,-0.5550516998213357,category1,1,1
1200,53,0.25097573932468487,category1,0,0
1201,78,0.1846360104238712,category1,0,0
1202,62,0.45827743428503825,category2,1,1
1203,58,-1.3907631683636714,category3,0,1
1204,82,-0.26043934932222745,category4,0,1
1205,86,0.14836435599951642,category1,1,0
1206,66,1.4688557658898702,category3,1,0
1207,33,-1.063349435500698,category2,1,0
1208,94,0.04877309294204694,category2,0,0
1209,32,-1.3993830287609461,category2,1,1
1210,83,-0.4166755946250056,category3,0,0
1211,76,-0.7044251334135844,category3,0,1
1212,90,0.8473517029544628,category2,0,1
1213,8,-0.18633166391495704,category3,0,0
1214,38,-0.269815854929467,category2,1,0
1215,16,-0.11402263388138016,category1,0,0
1216,24,0.6178145279967946,category3,1,1
1217,49,-0.13134065748399326,category2,1,0
1218,37,-0.5568621274304206,category3,1,0
1219,20,0.5520022994651012,category1,1,0
1220,53,-0.048450046329220745,category4,1,1
1221,65,-0.6562542578323408,category1,0,1
1222,96,-0.8711448977627648,category2,0,0
1223,78,-1.3738463178594202,category4,1,0
1224,54,-1.4767367569516852,category2,0,1
1225,56,-0.605453123082804,category2,0,0
1226,37,-0.498687656053408,category3,1,0
1227,60,-1.3693113940517831,category2,1,1
1228,88,0.560363298078879,category3,0,0
1229,46,0.8196617730448349,category1,1,0
1230,67,0.7385607446777186,category3,1,0
1231,43,-1.4048145193214354,category2,0,1
1232,18,-0.0036199403068671583,category3,0,1
1233,47,-0.9535464489542572,category2,0,1
1234,89,0.9407128391308975,category3,1,0
1235,59,0.3703839320901223,category3,0,0
1236,48,-0.3894718349236047,category4,0,1
1237,25,0.8728154622887325,category1,1,1
1238,22,0.7775036980437215,category3,0,1
1239,43,0.23651721115259638,category3,1,1
1240,16,1.0830497248076065,category2,1,0
1241,89,-1.031728508670893,category3,1,0
1242,12,-0.8693061523898338,category3,1,0
1243,88,1.2278161957851206,category4,1,1
1244,40,-0.583817230826213,category4,0,0
1245,38,1.5396799272235164,category3,1,1
1246,3,1.1263291526688548,category1,0,0
1247,15,0.16112733070626342,category2,1,0
1248,22,1.3247654590301354,category1,0,0
1249,84,-0.1667579026778009,category4,0,0
1250,98,-0.024992605711486034,category3,0,0
1251,53,0.05067197283029276,category4,1,0
1252,6,-0.30753909843419885,category2,0,0
1253,24,1.6092292368221954,category2,0,1
1254,13,-0.9354950843284918,category1,1,1
1255,94,-0.8555284286437862,category4,0,1
1256,60,0.3224204678974635,category4,1,0
1257,85,0.078521975771349,category2,1,0
1258,59,-1.2751176123342718,category3,1,0
1259,18,-2.321820957777274,category3,1,1
1260,13,1.7631075323345726,category1,1,1
1261,59,0.54891973585508,category3,1,1
1262,65,-1.2227487344162384,category3,1,0
1263,86,-0.5359641870176239,category1,1,0
1264,6,-2.2391902438062776,category1,0,0
1265,50,0.32564501054886674,category1,1,0
1266,87,-1.3715638408807018,category1,1,0
1267,70,2.3116435087464646,category3,1,1
1268,8,-0.20349526099551937,category1,1,1
1269,28,0.5421136157456201,category4,1,1
1270,98,1.054452761438819,category3,1,1
1271,64,1.5375912025225031,category4,0,1
1272,38,-0.8375876638039731,category2,0,1
1273,64,-0.3564274726434914,category4,0,0
1274,54,-0.48116975180992955,category4,1,0
1275,93,0.49088880482773734,category3,1,1
1276,52,1.5902927760548677,category4,1,1
1277,3,-1.12121850830747,category2,0,1
1278,52,0.8617770874157833,category4,1,1
1279,3,1.2446927002859756,category3,1,0
1280,58,-1.6716879549254817,category4,1,0
1281,20,0.5292601071050562,category2,0,0
1282,25,0.8164752632974744,category2,0,1
1283,60,0.06068553479629837,category1,1,1
1284,22,0.2362149506293662,category1,0,1
1285,44,-1.1137837694183677,category2,1,1
1286,6,-1.06067173582393,category2,1,0
1287,75,-1.2728625561222013,category4,1,0
1288,21,2.7305460893492395,category1,0,1
1289,80,0.8010259991690603,category1,1,0
1290,95,-1.672135358872574,category4,0,0
1291,49,0.5485775876851233,category2,0,0
1292,78,-0.18276429348839918,category1,0,0
1293,52,0.14606127937278154,category2,1,0
1294,6,0.36171362516300576,category3,0,1
1295,15,0.03181406484830688,category1,1,1
1296,53,-0.7220456496571372,category1,1,1
1297,4,-2.0531565091909645,category2,0,1
1298,27,1.3374989135745308,category4,1,1
1299,40,0.792107494723471,category4,1,1
1300,5,-0.0700993222185012,category1,1,0
1301,12,0.7010671127715964,category1,1,0
1302,88,0.44233806535506404,category1,0,1
1303,66,0.22586858015163205,category4,1,0
1304,58,0.15906513728956712,category3,1,0
1305,15,-2.029654313556026,category2,1,1
1306,97,0.2523556432286984,category1,1,1
1307,8,0.5468467723156413,category1,1,0
1308,2,-0.4505717591660638,category1,0,1
1309,54,1.2170511864404,category4,1,1
1310,36,2.149235595516933,category4,1,0
1311,99,1.4258383248232605,category1,0,0
1312,66,2.2713004155676195,category2,0,0
1313,27,-0.4678610849676372,category1,0,0
1314,73,-0.1174744055492472,category4,0,0
1315,74,-1.2206744851192357,category1,0,1
1316,95,1.2152508821984214,category1,1,1
1317,66,0.16422642622592035,category2,1,0
1318,31,-0.467379866575586,category1,0,0
1319,80,2.3089363490354287,category1,0,1
1320,71,-0.11485280002790453,category4,1,1
1321,38,-0.3057660731225038,category2,0,0
1322,55,-0.2905988827521714,category4,1,0
1323,8,1.2395900050952686,category4,1,0
1324,17,0.6014805896539767,category1,1,0
1325,34,-0.81317811178474,category4,0,1
1326,89,0.04218863112328284,category2,1,0
1327,26,-1.0510771604895213,category3,0,1
1328,2,-0.1487499788531516,category1,0,0
1329,92,-0.3056810537911913,category2,0,0
1330,61,-0.0486539597990856,category3,1,0
1331,61,0.9900887064907097,category4,1,1
1332,77,0.4404965557381394,category4,1,1
1333,28,-1.866847383686666,category4,0,1
1334,49,0.5780257216943174,category1,1,1
1335,63,-0.765618622982745,category1,1,0
1336,97,1.4865150832455811,category4,1,0
1337,25,1.4140403393245122,category2,1,1
1338,29,0.04783231509637049,category2,1,0
1339,46,0.39435101261400735,category1,1,1
1340,51,-1.5528107226010992,category3,0,0
1341,72,0.7293606377647555,category2,1,0
1342,28,-1.0594233135421816,category1,1,0
1343,7,0.5052358578742393,category1,1,1
1344,68,-0.885781226655373,category3,1,1
1345,86,-0.6356483087848543,category2,1,0
1346,73,-0.246977661093097,category2,0,0
1347,26,0.5952506749543415,category2,1,1
1348,87,0.06775793635137445,category1,1,0
1349,78,0.5362364854348192,category1,1,1
1350,94,-0.8259216666798588,category1,1,0
1351,62,-0.6368434745625464,category2,0,0
1352,47,0.2740151631419365,category2,0,0
1353,30,0.9944155298184019,category3,1,0
1354,58,-0.007984638389873842,category1,1,1
1355,69,-0.7258498845119431,category3,0,0
1356,55,1.6967387005624726,category4,0,0
1357,11,-0.5344013597375166,category2,1,0
1358,82,2.156356700901274,category3,1,0
1359,94,0.9871577873747239,category4,1,1
1360,61,-0.1429323348185434,category4,0,1
1361,78,0.17877732826755205,category1,0,1
1362,63,1.3208947551202008,category3,0,1
1363,6,-2.5923794870599517,category3,0,1
1364,86,-0.8624752263895739,category4,0,1
1365,61,0.36885954448393854,category4,0,1
1366,79,0.7466809861054445,category1,0,1
1367,94,-1.4470960372776716,category2,0,0
1368,29,1.1842865834037342,category2,1,0
1369,81,0.1621240823135006,category1,0,1
1370,85,-0.6658088054767902,category2,1,0
1371,91,-0.4482471340859789,category2,1,1
1372,25,-1.0582579804669785,category2,0,1
1373,52,0.8442154755582525,category4,0,0
1374,41,0.36709544642666175,category4,0,1
1375,43,0.08476323645650802,category2,1,1
1376,15,-0.11443784894872547,category3,0,1
1377,5,-0.3999471724875326,category2,1,0
1378,77,0.08242132091894314,category1,1,1
1379,63,-0.279760098720379,category2,0,1
1380,94,1.5771138418703474,category1,0,1
1381,58,0.5480119233587987,category1,0,1
1382,49,-2.008491397935723,category1,0,1
1383,10,-1.2108952409958822,category2,0,0
1384,90,-1.3439253625912655,category1,0,0
1385,19,-1.2471701563414193,category2,1,1
1386,19,-0.6318944554095002,category3,0,0
1387,50,0.4242565665724278,category1,0,1
1388,72,-0.8479510713309419,category4,1,0
1389,70,-1.3206602043999716,category1,1,0
1390,38,0.657123128510694,category3,1,0
1391,88,-0.7671467332593288,category4,0,1
1392,75,0.5021252439138273,category4,0,1
1393,78,-1.0412098696902923,category3,1,0
1394,72,-1.3098406430361274,category3,0,0
1395,89,-0.15544242086209975,category2,0,1
1396,5,-2.300886425108004,category3,1,0
1397,22,1.6938000967603508,category3,1,1
1398,51,-0.2003149394535174,category3,0,0
1399,75,1.3435829123701406,category3,1,0
1400,58,-0.6815349397140325,category1,0,1
1401,95,-0.0912685694963333,category2,0,0
1402,46,0.5757500642803904,category4,0,0
1403,68,-0.5382747190135749,category3,1,0
1404,78,-0.5827664475588814,category4,1,1
1405,76,0.8035356778982168,category1,0,1
1406,68,-0.4091017976539531,category4,1,1
1407,74,-2.4188201710764314,category4,0,1
1408,11,-1.2450506334747211,category1,1,0
1409,88,0.09038487614589887,category3,0,0
1410,98,-0.05125505616753166,category4,0,1
1411,98,-0.41988890533225026,category2,0,0
1412,5,1.7024468747495591,category4,0,0
1413,89,-0.16735706267842174,category3,0,1
1414,47,-0.6882600283482547,category1,1,1
1415,5,-0.5399434975942784,category1,0,1
1416,12,-0.4799126279600195,category4,0,0
1417,14,-1.36952705218535,category4,1,0
1418,38,-1.147969261336868,category4,1,1
1419,66,-1.4905071020421354,category2,0,1
1420,61,-0.9971467464534347,category3,0,0
1421,68,0.08624140764694187,category3,0,0
1422,99,0.028635830827585397,category2,1,0
1423,67,1.6721768223515177,category3,1,0
1424,51,0.4016766084306042,category2,1,0
1425,48,0.16779297049559597,category1,0,1
1426,67,0.8992268454224603,category4,1,1
1427,95,-0.6441763581874792,category1,0,0
1428,18,1.149291154617912,category1,0,0
1429,72,-0.5056020887009445,category3,1,0
1430,4,-1.654928877783672,category3,1,0
1431,89,1.8741182928917683,category1,1,0
1432,47,1.8848856034541295,category3,0,0
1433,83,0.17049503300392077,category1,1,1
1434,73,-1.1324259064596398,category3,0,0
1435,20,0.5906244767501446,category1,0,1
1436,79,-2.131558798475296,category4,0,1
1437,69,-0.041394436771463726,category4,1,0
1438,6,0.47291776020465653,category2,1,0
1439,57,0.2766942807308489,category2,0,1
1440,31,0.34633224575423727,category3,1,1
1441,16,0.08808144614715725,category1,0,0
1442,82,-0.6174138142652145,category4,1,1
1443,71,-0.22741733949229992,category3,1,0
1444,33,0.7405718530874685,category4,1,0
1445,73,-0.2823660782700207,category4,1,1
1446,10,0.2779095771311384,category4,0,1
1447,92,-1.80482251334565,category4,0,1
1448,27,-0.5538806393864032,category2,0,0
1449,45,0.5299247155420204,category3,0,1
1450,52,-0.12605278419921942,category1,1,1
1451,38,0.434830880423945,category2,0,0
1452,5,2.0458684679340142,category1,0,0
1453,66,0.058109428720712494,category1,1,1
1454,55,-0.5599825769712508,category2,1,0
1455,5,2.408743893151531,category2,0,1
1456,54,1.0239657555021415,category4,0,1
1457,38,-0.6379715007375006,category2,1,0
1458,31,-1.5690072234931074,category1,1,0
1459,61,0.7008410873508021,category2,0,0
1460,59,0.2997537419308099,category4,1,0
1461,92,-0.11852945821844556,category2,1,1
1462,60,-0.9787735207086524,category4,0,1
1463,4,-0.5458373072159068,category4,0,0
1464,46,-1.123582186654259,category3,1,1
1465,39,-1.9333729483757094,category3,0,0
1466,17,-0.4632730611406845,category4,1,0
1467,94,0.2418553931928531,category4,0,0
1468,17,-1.4953477347285618,category4,0,1
1469,33,1.377661533241946,category4,0,1
1470,77,-1.2873263406018518,category2,1,0
1471,97,-0.8361872717978218,category4,1,0
1472,99,-0.053089275453870245,category1,0,1
1473,41,0.7755986092676547,category3,1,0
1474,88,-0.8109956349336321,category2,1,1
1475,4,1.1340241161276925,category2,1,1
1476,36,-0.5210355058781883,category4,1,1
1477,19,0.4376465929608032,category3,0,1
1478,18,0.13567968308521872,category3,1,1
1479,5,0.8544944026639323,category1,1,0
1480,44,0.03477599012961048,category4,1,0
1481,71,-3.8032876202896295,category4,1,0
1482,29,0.24770134577879283,category4,1,0
1483,65,0.5565855511193943,category3,0,1
1484,63,-0.3045000885234785,category1,0,1
1485,64,-0.11866989504764863,category3,1,1
1486,68,1.188764596045678,category2,1,0
1487,59,-1.739375759217537,category3,1,1
1488,39,-0.07518294940425642,category2,1,1
1489,6,0.9275921431720159,category1,0,0
1490,49,-1.4353821856539195,category4,1,0
1491,70,-0.10163648157326073,category3,0,1
1492,27,-0.035951956941854636,category3,0,1
1493,7,0.7243311773566792,category3,1,0
1494,61,1.3436081706309395,category3,0,1
1495,15,-0.5942904197430705,category4,0,0
1496,21,0.4672464015364747,category2,1,1
1497,2,0.027571113483418404,category2,1,0
1498,12,0.2556918752096437,category1,1,1
1499,17,0.1455862821424755,category2,0,1
1500,6,-0.6231963507488192,category4,1,1
1501,21,-1.4759253068348182,category1,0,0
1502,44,-1.7386354085861095,category1,0,0
1503,60,0.10466593074845912,category1,1,0
1504,37,-0.5316352688255386,category3,1,1
1505,21,0.6912247824780324,category2,1,1
1506,92,-0.04107889153915848,category3,0,0
1507,60,-0.9921444875871681,category4,0,0
1508,81,-0.7919358956507364,category1,1,1
1509,94,0.23247657361080354,category1,0,0
1510,84,-0.32232051759031616,category2,0,0
1511,22,0.42242028088822087,category3,1,1
1512,77,0.37003785793112354,category2,1,0
1513,75,1.5193317349646809,category2,0,1
1514,47,0.3646730921289878,category4,1,1
1515,21,-0.16439483732097168,category1,0,0
1516,58,2.157101970284206,category1,0,0
1517,83,-1.1643152803196035,category2,0,1
1518,90,-0.631787210134144,category2,0,1
1519,13,-0.5282135644204153,category3,1,0
1520,55,0.05191020434545198,category3,0,0
1521,12,-2.113255157556621,category3,0,0
1522,70,-0.7429868755033336,category3,1,0
1523,69,-0.28583411910905987,category4,1,1
1524,46,-0.620070890327125,category4,0,0
1525,67,-0.5317523122197506,category3,0,0
1526,75,0.33230163791716677,category3,1,0
1527,36,0.8081851843846575,category1,1,1
1528,26,0.2087514670877535,category1,0,1
1529,65,0.49182778192141996,category4,0,0
1530,31,1.4005461032523023,category1,1,0
1531,51,0.9067491381165533,category4,1,0
1532,30,1.249518817679704,category4,1,0
1533,25,1.5818135520720322,category1,0,0
1534,12,0.04267032394309096,category2,1,0
1535,31,1.2826955888792035,category1,0,1
1536,17,-1.0176815110264372,category3,0,1
1537,45,2.3826958569750096,category3,0,0
1538,5,-0.8966831827891701,category3,0,1
1539,70,-0.7458033438905521,category1,0,0
1540,65,0.31003544232406344,category4,0,1
1541,53,-0.8990759717544313,category2,0,0
1542,76,-1.9569673442516855,category4,1,0
1543,55,-0.7483922531124478,category3,0,1
1544,8,1.5325153363322623,category4,1,1
1545,10,1.2965854286722431,category2,0,0
1546,36,0.25949666715650843,category1,0,0
1547,24,-1.2292428513647504,category1,1,1
1548,94,0.3199084526378978,category4,0,1
1549,88,-0.302271406435886,category4,1,0
1550,44,1.8990637891783357,category4,1,1
1551,51,-0.4028519536948624,category3,0,0
1552,36,0.4073949601692719,category1,0,0
1553,47,-0.5271676621878937,category3,0,0
1554,29,0.3740742445953678,category1,0,1
1555,33,-0.8336378821937339,category3,0,1
1556,10,-1.2648632460485816,category3,0,1
1557,97,1.1827820984514776,category1,1,1
1558,61,1.515852365901021,category2,1,1
1559,81,-0.4517201464813051,category4,1,1
1560,62,0.3549930976008891,category2,1,0
1561,50,-0.3908875373599942,category4,1,0
1562,17,-0.42251993821287515,category3,0,0
1563,62,1.5904735107348225,category1,0,1
1564,64,-0.29855260904305725,category4,0,0
1565,42,1.2486205933078494,category3,1,0
1566,80,-0.497938569342485,category4,1,1
1567,15,-1.6210298381229364,category1,0,0
1568,47,-1.4995940954665616,category3,1,1
1569,44,-1.3694648559721052,category4,0,1
1570,18,0.5574809978084266,category1,1,0
1571,10,-0.7401203992642806,category2,0,1
1572,69,0.20354489574438592,category4,1,0
1573,67,-0.7609797849775368,category3,1,1
1574,18,-0.5624908510249212,category4,0,0
1575,25,1.1763549479047684,category1,0,0
1576,45,0.7370725181040771,category1,1,0
1577,68,-1.5626141893180177,category4,0,0
1578,26,-0.5979519700552303,category3,1,1
1579,11,-0.2948201916149209,category3,1,1
1580,82,1.0441826426341791,category3,1,1
1581,84,1.0965811831017227,category3,1,0
1582,14,0.03655650794693933,category3,1,0
1583,17,0.6249656476778598,category3,1,0
1584,39,0.38253400693825584,category2,1,0
1585,95,0.9222890057239306,category3,0,1
1586,93,0.21032456261377927,category2,1,1
1587,28,-2.2747052881138017,category3,1,1
1588,93,-1.435832768966356,category1,0,1
1589,20,0.500284850578045,category4,0,1
1590,61,0.6920003213390156,category2,1,0
1591,14,0.4827578457898428,category4,0,0
1592,52,-0.6791026077912989,category4,1,0
1593,72,0.7762929368039918,category3,0,0
1594,18,-1.3145938567393622,category3,1,1
1595,46,0.1681724069583814,category1,0,1
1596,98,0.9212611285713471,category1,1,0
1597,92,-0.2216156845057803,category3,0,0
1598,13,0.062096191523300696,category1,0,1
1599,4,-2.240660532326893,category2,1,0
1600,39,0.8662541520634591,category3,0,0
1601,89,-1.3746953065594545,category2,1,0
1602,70,-0.09941822239432359,category1,1,0
1603,4,0.4334312972116174,category3,1,1
1604,7,1.3325729254217855,category4,1,0
1605,74,-0.43713441435142686,category4,1,0
1606,34,-0.594425049443245,category2,0,1
1607,26,0.6029907409979484,category1,0,1
1608,49,-0.2819139756474113,category4,0,0
1609,40,0.004381961226727725,category3,1,0
1610,94,0.6470109168236751,category2,1,1
1611,34,-0.17778776304401167,category2,0,1
1612,3,-0.03167160165090394,category2,1,1
1613,58,-0.8127876288278943,category4,0,0
1614,90,0.05133664349783458,category4,0,0
1615,3,-0.4961673887598385,category4,0,1
1616,51,0.8179166067162524,category3,1,1
1617,4,-0.9936658837340792,category2,1,0
1618,37,-0.03276123686306399,category3,0,1
1619,7,0.5527469876058883,category1,0,0
1620,16,1.1079870439393082,category2,0,0
1621,88,-0.3306320306689497,category2,1,0
1622,88,1.2951578067991127,category1,1,0
1623,5,-0.729482703227926,category1,1,0
1624,53,-0.9411400909292816,category3,1,0
1625,29,-0.3438771773844124,category1,1,1
1626,80,-0.43679599845326406,category4,1,1
1627,9,0.6630806035621821,category4,1,1
1628,86,1.1103331779016996,category2,1,0
1629,48,-1.0207278941128053,category3,1,1
1630,22,0.27975008693144826,category4,0,1
1631,22,0.5628528927564815,category4,0,1
1632,55,0.8270020904217193,category3,0,1
1633,79,0.7544152262341262,category3,0,1
1634,3,-0.9220674409442402,category4,1,0
1635,73,-0.8790777615510224,category3,0,1
1636,78,-0.20670439983940259,category1,0,0
1637,24,-0.8524959051898081,category1,0,0
1638,3,0.17314545672851106,category4,0,0
1639,58,-0.18934340460258037,category4,0,1
1640,82,-0.979692918434878,category3,0,0
1641,34,0.527220489894892,category2,0,0
1642,81,1.6286163680072203,category3,0,1
1643,49,0.44844499858363923,category3,0,1
1644,37,-0.5369386446495436,category1,1,0
1645,23,0.04071381945484097,category3,1,0
1646,65,0.7928607793424483,category1,1,1
1647,85,-0.4016705658325172,category2,1,0
1648,74,0.5156181734638394,category3,1,1
1649,55,-0.5407685976567101,category4,0,1
1650,75,-1.3910504849062675,category1,1,1
1651,70,-0.5849002176843799,category1,0,0
1652,22,0.3686174210389056,category4,1,0
1653,1,1.7429781167309577,category3,0,1
1654,84,-0.172555918773156,category4,1,1
1655,94,-0.27324968707287944,category4,0,0
1656,37,-0.9630084067779996,category4,0,0
1657,21,1.3355956276503602,category4,0,0
1658,68,-1.1960354606417853,category3,1,1
1659,59,-1.6470444908272692,category1,0,0
1660,37,0.1890757749331893,category1,0,1
1661,63,-0.1596170096166019,category4,1,0
1662,71,-0.5298225840250413,category3,1,1
1663,26,-0.1881708420978168,category1,0,1
1664,64,-0.18742820713075659,category4,0,1
1665,61,0.10874417974505046,category3,0,0
1666,26,-0.8150812065923492,category2,0,1
1667,29,-0.1846035854267537,category2,0,1
1668,58,0.7847179536618001,category1,1,0
1669,65,0.4976784273686023,category3,0,1
1670,29,0.3816502717186419,category1,1,1
1671,27,0.2571548820664562,category3,0,0
1672,70,3.2652302491087255,category3,0,0
1673,63,0.349197574499798,category1,0,1
1674,91,-0.9721823522883739,category4,1,1
1675,75,-0.41753618406685983,category2,0,1
1676,18,-0.7910875195475576,category1,0,0
1677,86,1.5344948658699522,category3,1,1
1678,92,2.136404488158752,category1,1,1
1679,9,0.720199270456364,category3,0,1
1680,37,-0.5923719162535007,category3,0,0
1681,70,-0.8169559875093023,category3,0,1
1682,38,1.177030884327978,category2,0,1
1683,96,1.1310215915705797,category3,0,1
1684,44,-0.9502837096551976,category4,0,1
1685,27,-0.7695056046479862,category2,1,1
1686,12,0.5899910214748797,category2,0,1
1687,55,-2.3404001652936715,category1,0,1
1688,5,-0.9913116073039906,category4,1,1
1689,65,-0.9255775503810092,category3,1,1
1690,74,2.1665233637856183,category2,0,1
1691,57,1.4804892995482068,category3,1,0
1692,20,0.31725267357819253,category1,0,1
1693,33,-2.594098616989425,category1,0,0
1694,16,-0.6755013679117328,category3,0,0
1695,49,0.1760081766548285,category2,1,0
1696,48,0.5056308287167736,category1,1,1
1697,67,-0.9023822337385478,category3,0,1
1698,68,0.2619341070744208,category4,0,0
1699,3,-0.23296601926600596,category1,0,1
1700,32,-0.6270547928943511,category2,0,0
1701,74,0.1057920872890456,category4,0,1
1702,32,-0.8689010637018194,category2,0,1
1703,4,-1.6943717717257614,category3,0,1
1704,32,2.047076515655549,category3,0,0
1705,82,1.7774955985194878,category3,1,0
1706,19,0.7620892715642572,category2,0,0
1707,62,0.9839891444998904,category2,1,0
1708,99,0.561425743736123,category1,0,0
1709,21,-1.1178180719207735,category1,1,1
1710,97,-0.2505952930897989,category3,1,1
1711,1,-1.4371901752226626,category1,0,0
1712,23,-1.2318067506041501,category2,1,0
1713,66,-1.1921268699803458,category1,0,1
1714,23,0.7259983258940117,category3,1,0
1715,9,0.8775551324974503,category2,1,0
1716,14,-1.8598258200252404,category2,0,1
1717,6,0.952236410410452,category2,1,1
1718,85,-0.6489690541372953,category1,0,0
1719,16,-0.04275846595052729,category3,1,0
1720,74,-1.6784117960283857,category3,1,0
1721,87,-0.3115210354247419,category1,0,1
1722,65,1.1699169669517302,category4,0,0
1723,91,-0.17810704151449236,category4,1,0
1724,3,-0.2217718600216591,category2,0,0
1725,28,0.3122395675887656,category1,1,0
1726,3,-1.128896457480698,category1,1,1
1727,29,0.18406872780592964,category1,0,1
1728,50,-1.00180094800495,category1,0,0
1729,1,0.09812904052209262,category1,1,1
1730,38,-0.4748624858563016,category3,1,0
1731,20,-0.29510570482527526,category3,0,1
1732,83,-0.5030658590637254,category4,1,0
1733,43,1.5538391853745204,category2,0,0
1734,85,0.9847191889705742,category1,0,0
1735,30,0.0780186204390149,category1,0,0
1736,51,2.504932620354642,category2,1,0
1737,76,-1.8664084694262524,category3,1,0
1738,7,-0.700677561881152,category3,0,1
1739,67,1.5917689912468538,category4,0,1
1740,33,-0.36710334443832265,category2,1,0
1741,52,0.040313184426803775,category2,1,1
1742,2,0.5555028744633747,category3,0,1
1743,24,1.1508262690318072,category1,1,1
1744,90,0.7977343201654395,category1,0,0
1745,7,2.6267131142454088,category1,1,1
1746,88,-1.3805756479443974,category2,0,0
1747,83,-0.36288356507278857,category3,0,1
1748,26,-2.0567376048983865,category1,1,0
1749,34,-2.151592556603838,category3,1,1
1750,4,-0.06800128291842464,category4,1,1
1751,69,-1.4328585191144385,category4,1,0
1752,39,0.04548313649787997,category2,1,1
1753,60,1.221421450042724,category4,0,1
1754,76,-0.08707522498572548,category2,0,1
1755,90,-0.21000101836914883,category2,1,0
1756,93,1.0534873021771878,category4,1,0
1757,89,0.10906919288345138,category2,0,0
1758,49,-0.302459996598558,category3,0,1
1759,53,-0.32115227182447487,category1,0,1
1760,98,-1.442034648780704,category3,1,1
1761,96,1.1894679843166556,category1,1,1
1762,90,-0.8899535017996939,category3,1,1
1763,93,0.008622281270471831,category2,1,1
1764,6,0.7796431687877543,category2,1,1
1765,95,-0.697243514676774,category4,1,0
1766,48,-0.266874012915081,category2,1,0
1767,83,-0.35988376659708876,category2,1,1
1768,55,0.8737995676905651,category1,1,1
1769,58,0.4402305947587891,category4,1,0
1770,6,1.4872508741464874,category2,1,0
1771,66,-1.116310986978022,category2,1,0
1772,34,-1.3907837501156104,category3,1,0
1773,29,-0.20912165653556825,category4,1,1
1774,58,-0.5503665624284827,category4,1,1
1775,69,1.4459603712706672,category1,0,0
1776,83,-0.25594783853672665,category4,1,0
1777,32,0.08414689562063095,category3,0,1
1778,70,-0.528553322197431,category3,1,0
1779,7,1.4801310877225462,category2,0,1
1780,47,0.19084828326494344,category2,1,0
1781,82,-0.025420569779890604,category3,1,0
1782,79,0.21769952849730995,category2,0,0
1783,40,-0.38652981432302813,category2,0,0
1784,4,2.0855443317452154,category4,0,0
1785,43,1.1325150591383384,category4,1,0
1786,16,0.1455789571773851,category4,1,0
1787,4,0.619223002888418,category3,0,1
1788,42,0.6033609841933818,category4,0,0
1789,61,0.5143146820878243,category2,0,0
1790,13,-0.07664360870177132,category3,0,0
1791,90,-0.5893082955817386,category1,1,0
1792,91,0.7245906456752356,category4,1,1
1793,91,-0.05471756810566725,category2,1,0
1794,59,0.42698482115541525,category4,1,0
1795,27,-0.2566064889060201,category2,0,0
1796,42,1.052381304900548,category3,1,0
1797,61,0.11799180274153129,category1,0,0
1798,36,1.5605142716594274,category1,1,0
1799,60,0.4615848601061388,category4,0,1
1800,97,0.23615923443746895,category4,1,0
1801,99,-0.07185253827352829,category3,0,1
1802,77,0.05886473434316733,category1,0,0
1803,11,-0.8398877198073708,category1,0,1
1804,78,1.9244752871498771,category2,1,0
1805,35,1.5907072863700737,category3,0,0
1806,38,-0.2592083607839373,category2,0,0
1807,55,-0.44550118850905396,category4,1,1
1808,94,-1.707035127830262,category3,1,1
1809,84,0.7645152904842732,category2,0,1
1810,23,-1.526343043506426,category3,0,1
1811,19,-0.7473891889880581,category1,0,0
1812,97,-0.38877390183976024,category3,1,0
1813,79,-1.2840560671410812,category2,1,1
1814,74,2.428203250546756,category3,0,1
1815,2,-0.9961700538054865,category4,1,1
1816,56,-0.14097236769489402,category2,1,1
1817,7,1.0090524520153623,category2,0,0
1818,27,-0.31656680301217777,category4,1,1
1819,66,0.2443564264071432,category3,1,0
1820,3,0.15102935577478285,category1,1,0
1821,37,-0.3412294282060122,category4,0,0
1822,78,-1.2337881388349226,category3,1,0
1823,3,-0.11940272873553764,category2,0,0
1824,85,0.46997362502242324,category4,1,0
1825,83,1.1341124306559047,category1,1,1
1826,53,1.332110023208867,category3,0,0
1827,64,0.38864858218619597,category3,1,0
1828,77,-0.04340415956325077,category1,1,1
1829,91,1.1998285749827549,category4,0,0
1830,34,-0.8626824147799221,category4,0,0
1831,20,-0.19634759479409492,category4,1,1
1832,36,-1.6454991583577123,category3,1,0
1833,70,0.9916087978623241,category1,1,1
1834,39,-0.3670626809104038,category4,1,1
1835,3,0.38765014661709907,category3,0,1
1836,48,-0.8279875609503614,category1,1,1
1837,7,-1.8220509026158709,category1,0,1
1838,97,1.6535198171500265,category1,0,1
1839,67,0.6500974211858591,category2,1,1
1840,1,-0.12257276230903051,category3,0,1
1841,70,-0.10943914892827616,category3,0,1
1842,24,0.6750228210555579,category1,0,0
1843,51,-0.3298071253048742,category2,1,1
1844,87,-0.0660327558639017,category1,1,0
1845,42,0.6278026395342393,category3,0,1
1846,60,-0.983150850881701,category2,1,0
1847,83,0.05368486426445976,category2,1,0
1848,20,-0.2295191835068508,category4,1,1
1849,35,0.9834970462105227,category3,0,1
1850,69,1.6344279829761383,category3,1,1
1851,38,-0.7511110437940626,category4,0,1
1852,73,1.3400701204512933,category2,0,0
1853,29,1.8714017226986526,category4,0,1
1854,87,-2.2431245368584474,category1,0,1
1855,82,0.5166794060217047,category1,0,0
1856,51,-1.7370396634932392,category3,1,0
1857,28,0.7089077259857124,category2,1,1
1858,30,-0.8353047618743236,category4,1,0
1859,72,1.030024248887445,category4,1,1
1860,10,1.5213164319761678,category2,1,1
1861,40,0.4441264494281124,category1,0,1
1862,72,-0.030639947985991393,category3,0,1
1863,77,-1.1103822542464576,category2,0,0
1864,64,0.8261289901911464,category4,0,1
1865,15,-1.0670755289003335,category2,1,0
1866,95,0.21297653314793663,category3,1,1
1867,54,-0.5192912611485216,category2,1,1
1868,46,-0.2736229417379573,category3,0,1
1869,14,-0.5197923117071654,category2,0,0
1870,29,-0.7063582529601103,category3,1,1
1871,88,-1.4649061811197723,category2,1,0
1872,18,-1.6005725291618103,category4,0,1
1873,86,-2.059061326818069,category4,0,1
1874,63,1.8642755493528356,category1,0,0
1875,31,-1.4202080420533947,category1,1,0
1876,86,-0.47745793972484296,category4,0,0
1877,21,0.8460237431171497,category4,0,0
1878,10,1.7898404400159782,category1,1,0
1879,7,1.5095367190489715,category2,1,0
1880,63,-0.32288447815220545,category1,0,0
1881,81,-0.5365082230757422,category4,1,0
1882,3,0.6269705811327143,category4,1,0
1883,76,-0.8106527258874732,category2,1,1
1884,43,1.221402511823829,category2,1,1
1885,8,1.1778698127750848,category2,1,1
1886,16,1.5360530040507012,category2,0,0
1887,25,0.2108785984992222,category1,0,0
1888,58,-0.1767254617546967,category3,1,1
1889,57,-0.12742593714503575,category3,0,0
1890,15,0.17031931908742765,category4,0,0
1891,13,0.5701246305160389,category2,0,1
1892,57,0.4296528488114147,category4,1,0
1893,72,0.6175641317758953,category4,1,0
1894,2,0.5970973327098853,category3,0,1
1895,70,0.551015487168592,category1,1,0
1896,79,-0.773164161833155,category3,1,1
1897,43,0.4519269064856773,category3,1,1
1898,35,0.3249918182626588,category1,1,1
1899,48,1.6330160854097517,category2,0,0
1900,6,-0.5899501281915945,category1,0,0
1901,74,-1.0786421920134406,category1,0,1
1902,51,1.045263398984846,category4,0,0
1903,18,0.6521054279151672,category3,0,1
1904,89,0.16942644193941347,category4,1,1
1905,69,0.5875406100838615,category1,0,0
1906,22,0.43432536273318195,category2,1,1
1907,2,0.44947784598382695,category1,0,0
1908,96,0.9746805373185817,category1,0,1
1909,95,0.9596008730695599,category3,0,1
1910,2,2.9442484824044413,category2,0,1
1911,65,-1.3073368927455193,category4,0,0
1912,46,0.33547510694335747,category3,0,0
1913,19,-0.5830638970575317,category1,0,1
1914,23,0.9644396063348761,category3,1,1
1915,79,-0.5795995437141835,category3,0,0
1916,65,-0.8786330010021632,category1,1,0
1917,77,-0.9501243582357137,category4,0,1
1918,93,0.04095819564443298,category4,1,1
1919,53,0.9379157261204608,category1,1,1
1920,26,-1.3032184337281252,category1,1,0
1921,31,0.3842687676078144,category1,0,0
1922,14,-1.132319926362091,category1,0,0
1923,2,-0.4821695174356285,category3,0,0
1924,35,-0.35939437491401516,category3,1,1
1925,51,-0.5544315386193627,category4,0,0
1926,18,0.5206106723693971,category1,0,1
1927,80,-0.7465892025505378,category1,0,0
1928,79,-0.6925577220629239,category2,1,0
1929,53,1.8580979459287847,category3,1,1
1930,96,0.2863848923465182,category2,1,0
1931,32,0.4860142521523798,category2,0,0
1932,17,-1.1177660091841348,category1,0,0
1933,17,-0.6121781547024967,category2,0,0
1934,7,-0.20997917667419919,category1,0,1
1935,44,0.8115861320999672,category2,0,0
1936,48,2.071261045933613,category2,0,1
1937,63,0.6893724182172202,category4,0,0
1938,59,0.042947091756102306,category4,0,0
1939,72,0.5475850507683089,category1,1,0
1940,93,0.5779341647618111,category3,1,0
1941,77,-0.4905511018217068,category3,0,1
1942,25,0.2952520489657397,category3,1,1
1943,29,1.1654170839849542,category1,0,0
1944,25,-0.4569131073806244,category4,1,1
1945,13,0.3172612601296712,category2,1,0
1946,90,1.6562579990675328,category4,0,0
1947,52,0.7489796169131427,category2,0,0
1948,77,-0.45446032771670625,category3,1,1
1949,38,0.5094240231549774,category1,1,1
1950,93,1.0534369868060343,category3,1,0
1951,85,0.501593115295232,category4,0,1
1952,95,-0.7693747284689647,category2,0,0
1953,3,1.302258373351152,category1,0,0
1954,42,0.4099931966408069,category3,0,0
1955,29,0.17149219084296902,category2,1,1
1956,65,-0.08838168813517411,category4,0,1
1957,29,-1.3191340293253826,category1,1,1
1958,6,1.8929942982574495,category3,0,0
1959,24,-0.33889341040347654,category3,0,1
1960,70,-0.6792151266124886,category2,1,0
1961,29,-0.20974725111102926,category2,1,1
1962,9,1.7933204373340623,category4,0,1
1963,13,-0.2360472219895102,category4,1,0
1964,72,0.35067718777895096,category3,1,0
1965,21,-0.4500618569820115,category4,1,1
1966,61,-0.2897391282183194,category3,0,1
1967,96,-1.231772371253177,category1,0,0
1968,53,-1.3364120286128296,category2,1,0
1969,72,-1.4909124847366095,category2,1,0
1970,32,1.3338401098288315,category3,1,1
1971,29,-0.21091339462346007,category4,0,0
1972,62,1.2918120890921394,category4,0,1
1973,57,-0.07954854018699463,category3,1,1
1974,94,-0.17580298865341817,category3,1,0
1975,36,1.1540099176928222,category3,0,0
1976,80,1.7057919024150403,category1,0,1
1977,82,1.540676635085468,category2,0,0
1978,53,1.2969606568617378,category1,1,1
1979,9,-0.11590722195497365,category1,1,1
1980,86,-0.004050644882910812,category1,0,1
1981,52,0.26976421908701126,category2,0,1
1982,53,-0.2626542342711493,category2,1,1
1983,23,0.5257784149468233,category1,0,1
1984,90,-0.252551477839837,category1,0,0
1985,80,-0.9768593997055933,category1,0,0
1986,6,-1.5340490638243973,category1,0,1
1987,30,-1.4501425294768635,category2,1,0
1988,11,-1.1358094140057984,category2,1,0
1989,14,0.24647769224394844,category3,1,0
1990,75,-0.32985352581086375,category2,1,1
1991,27,0.5086780853930839,category4,0,1
1992,69,-0.4222227740719144,category3,1,0
1993,72,0.2679057592580962,category2,0,1
1994,99,0.27296655899646577,category3,0,0
1995,92,0.9893474357047966,category4,0,0
1996,20,0.6569211320374164,category1,1,0
1997,5,0.3726406555639657,category1,0,1
1998,25,-1.3989890436893344,category2,1,1
1999,94,1.900059175923089,category1,0,0
